Workbook

Sheet README
B2: Mini Project: Analisis Performa Produksi Otomotif
B3: Panduan Soal 1.1 – 1.4 dengan rumus Excel lengkap
B5: Sheet | C5: Isi
B6: 1. Data_Produksi | C6: Raw data produksi harian (234 baris)
B7: 2. Data_Reject | C7: Raw data reject/defect (78 baris)
B8: 3. Data_Downtime | C8: Raw data downtime mesin
B9: 4. Data_Material | C9: Raw data pemakaian bahan baku (78 baris)
B10: 5. Soal_1_1_Pivot | C10: Jawaban soal 1.1 – Pivot output per mesin
B11: 6. Soal_1_2_RejectRate | C11: Jawaban soal 1.2 – Reject rate dengan SUMIF
B12: 7. Soal_1_3_VLOOKUP | C12: Jawaban soal 1.3 – Gabung downtime via VLOOKUP
B13: 8. Soal_1_4_Dashboard | C13: Jawaban soal 1.4 – Ringkasan dashboard

Sheet 1.Data_Produksi
A1: tanggal | B1: shift | C1: mesin_id | D1: produk | E1: output_aktual | F1: output_target
A2: 2024-01-02 | B2: Pagi | C2: M-01 | D2: Arm Bawah | E2: 316 | F2: 320
A3: 2024-01-02 | B3: Siang | C3: M-01 | D3: Arm Bawah | E3: 282 | F3: 320
A4: 2024-01-02 | B4: Malam | C4: M-01 | D4: Arm Bawah | E4: 296 | F4: 320
A5: 2024-01-02 | B5: Pagi | C5: M-02 | D5: Knuckle | E5: 158 | F5: 200
A6: 2024-01-02 | B6: Siang | C6: M-02 | D6: Knuckle | E6: 179 | F6: 200
A7: 2024-01-02 | B7: Malam | C7: M-02 | D7: Knuckle | E7: 177 | F7: 200
A8: 2024-01-02 | B8: Pagi | C8: M-03 | D8: Bracket | E8: 412 | F8: 400
A9: 2024-01-02 | B9: Siang | C9: M-03 | D9: Bracket | E9: 357 | F9: 400
A10: 2024-01-02 | B10: Malam | C10: M-03 | D10: Bracket | E10: 380 | F10: 400
A11: 2024-01-03 | B11: Pagi | C11: M-01 | D11: Arm Bawah | E11: 283 | F11: 320
A12: 2024-01-03 | B12: Siang | C12: M-01 | D12: Arm Bawah | E12: 293 | F12: 320
A13: 2024-01-03 | B13: Malam | C13: M-01 | D13: Arm Bawah | E13: 309 | F13: 320
... A235: 2024-01-31 | B235: Malam | C235: M-03 | D235: Bracket | E235: 397 | F235: 400

Sheet 2.Data_Reject
A1: tanggal | B1: mesin_id | C1: produk | D1: jumlah_reject | E1: jenis_defect
A2: 2024-01-02 | B2: M-01 | C2: Arm Bawah | D2: 6 | E2: Dimensi meleset
A3: 2024-01-02 | B3: M-02 | C3: Knuckle | D3: 30 | E3: Inklusi material
A4: 2024-01-02 | B4: M-03 | C4: Bracket | D4: 8 | E4: Bekas las tidak rata
A5: 2024-01-03 | B5: M-01 | C5: Arm Bawah | D5: 3 | E5: Dimensi meleset
A6: 2024-01-03 | B6: M-02 | C6: Knuckle | D6: 38 | E6: Inklusi material
A7: 2024-01-03 | B7: M-03 | C7: Bracket | D7: 15 | E7: Permukaan kasar
A8: 2024-01-04 | B8: M-01 | C8: Arm Bawah | D8: 18 | E8: Dimensi meleset
A9: 2024-01-04 | B9: M-02 | C9: Knuckle | D9: 30 | E9: Dimensi meleset
A10: 2024-01-04 | B10: M-03 | C10: Bracket | D10: 8 | E10: Permukaan kasar
A11: 2024-01-05 | B11: M-01 | C11: Arm Bawah | D11: 5 | E11: Retak mikro
A12: 2024-01-05 | B12: M-02 | C12: Knuckle | D12: 32 | E12: Dimensi meleset
A13: 2024-01-05 | B13: M-03 | C13: Bracket | D13: 22 | E13: Dimensi meleset
... A79: 2024-01-31 | B79: M-03 | C79: Bracket | D79: 18 | E79: Dimensi meleset

Sheet 3.Data_Downtime
A1: tanggal | B1: mesin_id | C1: durasi_menit | D1: penyebab | E1: key | F1: durasi_ref
A2: 2024-01-03 | B2: M-03 | C2: 60 | D2: Penyetelan mesin | E2: =A2&B2 -> 2024-01-03M-03 | F2: =C2 -> 60
A3: 2024-01-05 | B3: M-02 | C3: 60 | D3: Overheating | E3: =A3&B3 -> 2024-01-05M-02 | F3: =C3 -> 60
A4: 2024-01-06 | B4: M-02 | C4: 60 | D4: Overheating | E4: =A4&B4 -> 2024-01-06M-02 | F4: =C4 -> 60
A5: 2024-01-06 | B5: M-03 | C5: 60 | D5: Kebocoran oli | E5: =A5&B5 -> 2024-01-06M-03 | F5: =C5 -> 60
A6: 2024-01-09 | B6: M-02 | C6: 120 | D6: Kerusakan tooling | E6: =A6&B6 -> 2024-01-09M-02 | F6: =C6 -> 120
A7: 2024-01-10 | B7: M-01 | C7: 45 | D7: Penyetelan mesin | E7: =A7&B7 -> 2024-01-10M-01 | F7: =C7 -> 45
A8: 2024-01-10 | B8: M-02 | C8: 150 | D8: Kerusakan tooling | E8: =A8&B8 -> 2024-01-10M-02 | F8: =C8 -> 150
A9: 2024-01-12 | B9: M-02 | C9: 150 | D9: Overheating | E9: =A9&B9 -> 2024-01-12M-02 | F9: =C9 -> 150
A10: 2024-01-13 | B10: M-01 | C10: 30 | D10: Perawatan rutin | E10: =A10&B10 -> 2024-01-13M-01 | F10: =C10 -> 30
A11: 2024-01-13 | B11: M-02 | C11: 45 | D11: Kerusakan tooling | E11: =A11&B11 -> 2024-01-13M-02 | F11: =C11 -> 45
A12: 2024-01-13 | B12: M-03 | C12: 30 | D12: Perawatan rutin | E12: =A12&B12 -> 2024-01-13M-03 | F12: =C12 -> 30
A13: 2024-01-16 | B13: M-02 | C13: 150 | D13: Overheating | E13: =A13&B13 -> 2024-01-16M-02 | F13: =C13 -> 150
... A15: 2024-01-19 | B15: M-01 | C15: 60 | D15: Penggantian die | E15: =A15&B15 -> 2024-01-19M-01 | F15: =C15 -> 60
A16: 2024-01-19 | B16: M-02 | C16: 30 | D16: Penggantian die | E16: =A16&B16 -> 2024-01-19M-02 | F16: =C16 -> 30 | G16: Row Labels | H16: Sum of durasi_ref
A17: 2024-01-19 | B17: M-03 | C17: 60 | D17: Kebocoran oli | E17: =A17&B17 -> 2024-01-19M-03 | F17: =C17 -> 60 | G17: M-01 | H17: 300 | J17: 300 | K17: =CONVERT(J17,"mn","hr") -> 5
A18: 2024-01-20 | B18: M-02 | C18: 60 | D18: Penggantian die | E18: =A18&B18 -> 2024-01-20M-02 | F18: =C18 -> 60 | G18: M-02 | H18: 1380 | J18: 1380 | K18: =CONVERT(J18,"mn","hr") -> 23
A19: 2024-01-22 | B19: M-02 | C19: 120 | D19: Penggantian die | E19: =A19&B19 -> 2024-01-22M-02 | F19: =C19 -> 120 | G19: M-03 | H19: 240 | J19: 240 | K19: =CONVERT(J19,"mn","hr") -> 4
A20: 2024-01-23 | B20: M-02 | C20: 60 | D20: Kerusakan tooling | E20: =A20&B20 -> 2024-01-23M-02 | F20: =C20 -> 60 | G20: Grand Total | H20: 1920
A21: 2024-01-24 | B21: M-01 | C21: 60 | D21: Perawatan rutin | E21: =A21&B21 -> 2024-01-24M-01 | F21: =C21 -> 60
A22: 2024-01-24 | B22: M-02 | C22: 90 | D22: Kerusakan tooling | E22: =A22&B22 -> 2024-01-24M-02 | F22: =C22 -> 90
A23: 2024-01-25 | B23: M-01 | C23: 45 | D23: Penyetelan mesin | E23: =A23&B23 -> 2024-01-25M-01 | F23: =C23 -> 45
A24: 2024-01-25 | B24: M-03 | C24: 30 | D24: Penyetelan mesin | E24: =A24&B24 -> 2024-01-25M-03 | F24: =C24 -> 30
A25: 2024-01-26 | B25: M-02 | C25: 45 | D25: Kerusakan tooling | E25: =A25&B25 -> 2024-01-26M-02 | F25: =C25 -> 45
A26: 2024-01-27 | B26: M-02 | C26: 30 | D26: Kerusakan tooling | E26: =A26&B26 -> 2024-01-27M-02 | F26: =C26 -> 30
A27: 2024-01-30 | B27: M-01 | C27: 60 | D27: Penyetelan mesin | E27: =A27&B27 -> 2024-01-30M-01 | F27: =C27 -> 60
A28: 2024-01-30 | B28: M-02 | C28: 60 | D28: Penggantian die | E28: =A28&B28 -> 2024-01-30M-02 | F28: =C28 -> 60

Sheet 4.Data_Material
A1: tanggal | B1: mesin_id | C1: material | D1: pemakaian_kg | E1: standar_kg
A2: 2024-01-02 | B2: M-01 | C2: Aluminium | D2: 185.8 | E2: 180
A3: 2024-01-02 | B3: M-02 | C3: Besi cor | D3: 252 | E3: 230
A4: 2024-01-02 | B4: M-03 | C4: Aluminium | D4: 177.9 | E4: 175
A5: 2024-01-03 | B5: M-01 | C5: Aluminium | D5: 175.4 | E5: 180
A6: 2024-01-03 | B6: M-02 | C6: Besi cor | D6: 243 | E6: 230
A7: 2024-01-03 | B7: M-03 | C7: Aluminium | D7: 174.6 | E7: 175
A8: 2024-01-04 | B8: M-01 | C8: Aluminium | D8: 171.6 | E8: 180
A9: 2024-01-04 | B9: M-02 | C9: Besi cor | D9: 246.2 | E9: 230
A10: 2024-01-04 | B10: M-03 | C10: Aluminium | D10: 179.3 | E10: 175
A11: 2024-01-05 | B11: M-01 | C11: Aluminium | D11: 179 | E11: 180
A12: 2024-01-05 | B12: M-02 | C12: Besi cor | D12: 241.5 | E12: 230
A13: 2024-01-05 | B13: M-03 | C13: Aluminium | D13: 175.2 | E13: 175
... A79: 2024-01-31 | B79: M-03 | C79: Aluminium | D79: 182.6 | E79: 175

Sheet 5.Soal_1_1_Pivot
B2: Soal 1.1 — Total Output per Mesin per Produk
B3: Rumus: =SUMPRODUCT((mesin=B6)*(produk=C5)*output) — menghitung total output untuk kombinasi mesin & produk tertentu
B5: Mesin / Produk | C5: Arm Bawah | D5: Knuckle | E5: Bracket | F5: Total
B6: M-01 | C6: =SUMPRODUCT(('1.Data_Produksi'!$C$2:$C$235="M-01")*('1.Data_Produksi'!$D$2:$D$235="Arm Bawah")*('1.Data_Produksi'!$E$2:$E$235)) -> 24212 | D6: =SUMPRODUCT(('1.Data_Produksi'!$C$2:$C$235="M-01")*('1.Data_Produksi'!$D$2:$D$235="Knuckle")*('1.Data_Produksi'!$E$2:$E$235)) -> 0 | E6: =SUMPRODUCT(('1.Data_Produksi'!$C$2:$C$235="M-01")*('1.Data_Produksi'!$D$2:$D$235="Bracket")*('1.Data_Produksi'!$E$2:$E$235)) -> 0 | F6: =SUM(C6:E6) -> 24212
B7: M-02 | C7: =SUMPRODUCT(('1.Data_Produksi'!$C$2:$C$235="M-02")*('1.Data_Produksi'!$D$2:$D$235="Arm Bawah")*('1.Data_Produksi'!$E$2:$E$235)) -> 0 | D7: =SUMPRODUCT(('1.Data_Produksi'!$C$2:$C$235="M-02")*('1.Data_Produksi'!$D$2:$D$235="Knuckle")*('1.Data_Produksi'!$E$2:$E$235)) -> 13065 | E7: =SUMPRODUCT(('1.Data_Produksi'!$C$2:$C$235="M-02")*('1.Data_Produksi'!$D$2:$D$235="Bracket")*('1.Data_Produksi'!$E$2:$E$235)) -> 0 | F7: =SUM(C7:E7) -> 13065
B8: M-03 | C8: =SUMPRODUCT(('1.Data_Produksi'!$C$2:$C$235="M-03")*('1.Data_Produksi'!$D$2:$D$235="Arm Bawah")*('1.Data_Produksi'!$E$2:$E$235)) -> 0 | D8: =SUMPRODUCT(('1.Data_Produksi'!$C$2:$C$235="M-03")*('1.Data_Produksi'!$D$2:$D$235="Knuckle")*('1.Data_Produksi'!$E$2:$E$235)) -> 0 | E8: =SUMPRODUCT(('1.Data_Produksi'!$C$2:$C$235="M-03")*('1.Data_Produksi'!$D$2:$D$235="Bracket")*('1.Data_Produksi'!$E$2:$E$235)) -> 30018 | F8: =SUM(C8:E8) -> 30018
B9: Grand Total | C9: =SUM(C6:C8) -> 24212 | D9: =SUM(D6:D8) -> 13065 | E9: =SUM(E6:E8) -> 30018 | F9: =SUM(F6:F8) -> 67295
B11: Insight: Lihat kolom Total — mesin mana yang output-nya paling tinggi? Bandingkan juga dengan target untuk menghitung achievement rate.

Sheet 6.Soal_1_2_RejectRate
B2: Soal 1.2 — Reject Rate (%) per Mesin
B3: Rumus: Reject Rate = SUMIF(reject, mesin) / SUMIF(produksi, mesin) × 100
B5: Mesin | C5: Total Output | D5: Total Reject | E5: Reject Rate (%) | F5: Status
B6: M-01 | C6: =SUMIF('1.Data_Produksi'!$C$2:$C$235,B6,'1.Data_Produksi'!$E$2:$E$235) -> 24212 | D6: =SUMIF('2.Data_Reject'!$B$2:$B$79,B6,'2.Data_Reject'!$D$2:$D$79) -> 253 | E6: =IF(C6>0,D6/C6*100,0) -> 1.0449364 | F6: =IF(E6>5,"PERLU PERHATIAN","OK") -> OK
B7: M-02 | C7: =SUMIF('1.Data_Produksi'!$C$2:$C$235,B7,'1.Data_Produksi'!$E$2:$E$235) -> 13065 | D7: =SUMIF('2.Data_Reject'!$B$2:$B$79,B7,'2.Data_Reject'!$D$2:$D$79) -> 686 | E7: =IF(C7>0,D7/C7*100,0) -> 5.2506697 | F7: =IF(E7>5,"PERLU PERHATIAN","OK") -> PERLU PERHATIAN
B8: M-03 | C8: =SUMIF('1.Data_Produksi'!$C$2:$C$235,B8,'1.Data_Produksi'!$E$2:$E$235) -> 30018 | D8: =SUMIF('2.Data_Reject'!$B$2:$B$79,B8,'2.Data_Reject'!$D$2:$D$79) -> 338 | E8: =IF(C8>0,D8/C8*100,0) -> 1.1259911 | F8: =IF(E8>5,"PERLU PERHATIAN","OK") -> OK
B9: Insight: Reject rate > 5% = perlu investigasi penyebab defect. Cek sheet Data_Reject untuk breakdown jenis_defect per mesin.

Sheet 7.Soal_1_3_VLOOKUP
A2: Soal 1.3 — Gabungkan Downtime ke Data Produksi (VLOOKUP / IFERROR)
A3: Kunci gabung: kolom KEY = tanggal & mesin_id. Rumus: =IFERROR(VLOOKUP(key, tabel_downtime, 3, 0), 0)
A5: tanggal | B5: shift | C5: mesin_id | D5: produk | E5: output_aktual | F5: output_target | G5: key_produksi | H5: downtime_menit
A6: 2024-01-02 | B6: Pagi | C6: M-01 | D6: Arm Bawah | E6: 316 | F6: 320 | G6: =A6&C6 -> 2024-01-02M-01 | H6: =IFERROR(VLOOKUP(G6,'3.Data_Downtime'!$E$2:$F$100,2,0),0) -> 0
A7: 2024-01-02 | B7: Siang | C7: M-01 | D7: Arm Bawah | E7: 282 | F7: 320 | G7: =A7&C7 -> 2024-01-02M-01 | H7: =IFERROR(VLOOKUP(G7,'3.Data_Downtime'!$E$2:$F$100,2,0),0) -> 0
A8: 2024-01-02 | B8: Malam | C8: M-01 | D8: Arm Bawah | E8: 296 | F8: 320 | G8: =A8&C8 -> 2024-01-02M-01 | H8: =IFERROR(VLOOKUP(G8,'3.Data_Downtime'!$E$2:$F$100,2,0),0) -> 0
A9: 2024-01-02 | B9: Pagi | C9: M-02 | D9: Knuckle | E9: 158 | F9: 200 | G9: =A9&C9 -> 2024-01-02M-02 | H9: =IFERROR(VLOOKUP(G9,'3.Data_Downtime'!$E$2:$F$100,2,0),0) -> 0
A10: 2024-01-02 | B10: Siang | C10: M-02 | D10: Knuckle | E10: 179 | F10: 200 | G10: =A10&C10 -> 2024-01-02M-02 | H10: =IFERROR(VLOOKUP(G10,'3.Data_Downtime'!$E$2:$F$100,2,0),0) -> 0
A11: 2024-01-02 | B11: Malam | C11: M-02 | D11: Knuckle | E11: 177 | F11: 200 | G11: =A11&C11 -> 2024-01-02M-02 | H11: =IFERROR(VLOOKUP(G11,'3.Data_Downtime'!$E$2:$F$100,2,0),0) -> 0
A12: 2024-01-02 | B12: Pagi | C12: M-03 | D12: Bracket | E12: 412 | F12: 400 | G12: =A12&C12 -> 2024-01-02M-03 | H12: =IFERROR(VLOOKUP(G12,'3.Data_Downtime'!$E$2:$F$100,2,0),0) -> 0
A13: 2024-01-02 | B13: Siang | C13: M-03 | D13: Bracket | E13: 357 | F13: 400 | G13: =A13&C13 -> 2024-01-02M-03 | H13: =IFERROR(VLOOKUP(G13,'3.Data_Downtime'!$E$2:$F$100,2,0),0) -> 0
A14: 2024-01-02 | B14: Malam | C14: M-03 | D14: Bracket | E14: 380 | F14: 400 | G14: =A14&C14 -> 2024-01-02M-03 | H14: =IFERROR(VLOOKUP(G14,'3.Data_Downtime'!$E$2:$F$100,2,0),0) -> 0
A15: 2024-01-03 | B15: Pagi | C15: M-01 | D15: Arm Bawah | E15: 283 | F15: 320 | G15: =A15&C15 -> 2024-01-03M-01 | H15: =IFERROR(VLOOKUP(G15,'3.Data_Downtime'!$E$2:$F$100,2,0),0) -> 0
A16: 2024-01-03 | B16: Siang | C16: M-01 | D16: Arm Bawah | E16: 293 | F16: 320 | G16: =A16&C16 -> 2024-01-03M-01 | H16: =IFERROR(VLOOKUP(G16,'3.Data_Downtime'!$E$2:$F$100,2,0),0) -> 0
A17: 2024-01-03 | B17: Malam | C17: M-01 | D17: Arm Bawah | E17: 309 | F17: 320 | G17: =A17&C17 -> 2024-01-03M-01 | H17: =IFERROR(VLOOKUP(G17,'3.Data_Downtime'!$E$2:$F$100,2,0),0) -> 0
... A35: 2024-01-05 | B35: Malam | C35: M-01 | D35: Arm Bawah | E35: 314 | F35: 320 | G35: =A35&C35 -> 2024-01-05M-01 | H35: =IFERROR(VLOOKUP(G35,'3.Data_Downtime'!$E$2:$F$100,2,0),0) -> 0
A37: Catatan: Kolom key_produksi = tanggal & mesin_id (misal '2024-01-02M-02'). Kolom E & F di sheet Downtime juga menggunakan key yang sama untuk VLOOKUP.

Sheet 8.Soal_1_4_Dashboard
B2: Dashboard Performa Produksi — PT Maju Jaya Komponen · Januari 2024
B3: Soal 1.4 — Ringkasan KPI + sumber data untuk 3 chart portofolio Anda
B7: KPI Utama | E7: Chart 1: Output vs Target per Mesin
B8: Total Output (unit) | C8: =SUMIF('1.Data_Produksi'!C:C,"M-01",'1.Data_Produksi'!E:E)+SUMIF('1.Data_Produksi'!C:C,"M-02",'1.Data_Produksi'!E:E)+SUMIF('1.Data_Produksi'!C:C,"M-03",'1.Data_Produksi'!E:E) -> 67295 | E8: Mesin | F8: Total Output | G8: Total Target | H8: Achievement (%)
B9: Total Target (unit) | C9: =SUMIF('1.Data_Produksi'!C:C,"M-01",'1.Data_Produksi'!F:F)+SUMIF('1.Data_Produksi'!C:C,"M-02",'1.Data_Produksi'!F:F)+SUMIF('1.Data_Produksi'!C:C,"M-03",'1.Data_Produksi'!F:F) -> 71760 | E9: M-01 | F9: =SUMIF('1.Data_Produksi'!$C:$C,E9,'1.Data_Produksi'!$E:$E) -> 24212 | G9: =SUMIF('1.Data_Produksi'!$C:$C,E9,'1.Data_Produksi'!$F:$F) -> 24960 | H9: =ROUND(F9/G9*100,1) -> 97
B10: Achievement Rate (%) | C10: =ROUND(C8/C9*100,1) -> 93.8 | E10: M-02 | F10: =SUMIF('1.Data_Produksi'!$C:$C,E10,'1.Data_Produksi'!$E:$E) -> 13065 | G10: =SUMIF('1.Data_Produksi'!$C:$C,E10,'1.Data_Produksi'!$F:$F) -> 15600 | H10: =ROUND(F10/G10*100,1) -> 83.8
B11: Total Reject (unit) | C11: =SUM('2.Data_Reject'!D:D) -> 1277 | E11: M-03 | F11: =SUMIF('1.Data_Produksi'!$C:$C,E11,'1.Data_Produksi'!$E:$E) -> 30018 | G11: =SUMIF('1.Data_Produksi'!$C:$C,E11,'1.Data_Produksi'!$F:$F) -> 31200 | H11: =ROUND(F11/G11*100,1) -> 96.2
B12: Avg Reject Rate (%) | C12: =ROUND(C11/C8*100,2) -> 1.9
E13: Chart 2: Reject Rate per Mesin
E14: Mesin | F14: Total Reject | G14: Total Output | H14: Reject Rate (%)
E15: M-01 | F15: =SUMIF('2.Data_Reject'!$B:$B,E15,'2.Data_Reject'!$D:$D) -> 253 | G15: =SUMIF('1.Data_Produksi'!$C:$C,E15,'1.Data_Produksi'!$E:$E) -> 24212 | H15: =ROUND(F15/G15*100,2) -> 1.04
E16: M-02 | F16: =SUMIF('2.Data_Reject'!$B:$B,E16,'2.Data_Reject'!$D:$D) -> 686 | G16: =SUMIF('1.Data_Produksi'!$C:$C,E16,'1.Data_Produksi'!$E:$E) -> 13065 | H16: =ROUND(F16/G16*100,2) -> 5.25
E17: M-03 | F17: =SUMIF('2.Data_Reject'!$B:$B,E17,'2.Data_Reject'!$D:$D) -> 338 | G17: =SUMIF('1.Data_Produksi'!$C:$C,E17,'1.Data_Produksi'!$E:$E) -> 30018 | H17: =ROUND(F17/G17*100,2) -> 1.13
E19: Chart 3: Top Penyebab Downtime
E20: Penyebab | F20: Total Durasi (menit)
E21: Kebocoran oli | F21: =SUMIF('3.Data_Downtime'!$D:$D,E21,'3.Data_Downtime'!$C:$C) -> 120
E22: Kerusakan tooling | F22: =SUMIF('3.Data_Downtime'!$D:$D,E22,'3.Data_Downtime'!$C:$C) -> 690
E23: Overheating | F23: =SUMIF('3.Data_Downtime'!$D:$D,E23,'3.Data_Downtime'!$C:$C) -> 420
E24: Penggantian die | F24: =SUMIF('3.Data_Downtime'!$D:$D,E24,'3.Data_Downtime'!$C:$C) -> 330
E25: Penyetelan mesin | F25: =SUMIF('3.Data_Downtime'!$D:$D,E25,'3.Data_Downtime'!$C:$C) -> 240
E26: Perawatan rutin | F26: =SUMIF('3.Data_Downtime'!$D:$D,E26,'3.Data_Downtime'!$C:$C) -> 120
B28: Cara buat chart: Pilih tabel Chart 1/2/3 → Insert → Recommended Charts → Bar Chart. Untuk Chart 3 gunakan Pie Chart. Screenshot hasilnya untuk portofolio.
